--
-- Script was generated by Devart dbForge Studio for MySQL, Version 10.0.225.0
-- Product home page: http://www.devart.com/dbforge/mysql/studio
-- Script date 5/6/2024 4:39:42 PM
-- Server version: 8.0.30
--




INSERT INTO archive_document_type(id, arabic_name, english_name, code) VALUES
(1, 'كتاب (افتراضي)', 'Book (default)', '01')
ON DUPLICATE KEY UPDATE id=VALUES(id), arabic_name=VALUES(arabic_name), english_name=VALUES(english_name), code=VALUES(code);
INSERT INTO archive_document_type(id, arabic_name, english_name, code) VALUES
(2, 'مخصص', 'Custom', '02')
ON DUPLICATE KEY UPDATE id=VALUES(id), arabic_name=VALUES(arabic_name), english_name=VALUES(english_name), code=VALUES(code);
INSERT INTO archive_document_type(id, arabic_name, english_name, code) VALUES
(3, 'نموذج', 'Template', '03')
ON DUPLICATE KEY UPDATE id=VALUES(id), arabic_name=VALUES(arabic_name), english_name=VALUES(english_name), code=VALUES(code);

INSERT INTO box_type(id, arabic_name, english_name, ar_code, en_code) VALUES
(1, 'وارد', 'Inbox', 'و', 'IN')
ON DUPLICATE KEY UPDATE id=VALUES(id), arabic_name=VALUES(arabic_name), english_name=VALUES(english_name), ar_code=VALUES(ar_code), en_code=VALUES(en_code);
INSERT INTO box_type(id, arabic_name, english_name, ar_code, en_code) VALUES
(2, 'صادر', 'Outbox', 'ص', 'OUT')
ON DUPLICATE KEY UPDATE id=VALUES(id), arabic_name=VALUES(arabic_name), english_name=VALUES(english_name), ar_code=VALUES(ar_code), en_code=VALUES(en_code);


INSERT INTO cabinet_type(id, arabic_name, english_name, code) VALUES
(1, 'عام', 'public', '01')
ON DUPLICATE KEY UPDATE id=VALUES(id), arabic_name=VALUES(arabic_name), english_name=VALUES(english_name), code=VALUES(code);
INSERT INTO cabinet_type(id, arabic_name, english_name, code) VALUES
(2, 'شخصي', 'personal', '02')
ON DUPLICATE KEY UPDATE id=VALUES(id), arabic_name=VALUES(arabic_name), english_name=VALUES(english_name), code=VALUES(code);
INSERT INTO cabinet_type(id, arabic_name, english_name, code) VALUES
(3, 'مؤسسة', 'organization', '03')
ON DUPLICATE KEY UPDATE id=VALUES(id), arabic_name=VALUES(arabic_name), english_name=VALUES(english_name), code=VALUES(code);


INSERT INTO correspondence_state(id, arabic_name, english_name, code) VALUES
(1, 'مسودة', 'Draft', '01')
ON DUPLICATE KEY UPDATE id=VALUES(id), arabic_name=VALUES(arabic_name), english_name=VALUES(english_name), code=VALUES(code);
INSERT INTO correspondence_state(id, arabic_name, english_name, code) VALUES
(2, 'جديد', 'Created', '02')
ON DUPLICATE KEY UPDATE id=VALUES(id), arabic_name=VALUES(arabic_name), english_name=VALUES(english_name), code=VALUES(code);


INSERT INTO correspondence_type(id, arabic_name, english_name, code) VALUES
(1, 'بريد عادي', 'Normal mail', '01')
ON DUPLICATE KEY UPDATE id=VALUES(id), arabic_name=VALUES(arabic_name), english_name=VALUES(english_name), code=VALUES(code);
INSERT INTO correspondence_type(id, arabic_name, english_name, code) VALUES
(2, 'تعميم', 'Generalization', '02')
ON DUPLICATE KEY UPDATE id=VALUES(id), arabic_name=VALUES(arabic_name), english_name=VALUES(english_name), code=VALUES(code);
INSERT INTO correspondence_type(id, arabic_name, english_name, code) VALUES
(3, 'قرار', 'Decision', '03')
ON DUPLICATE KEY UPDATE id=VALUES(id), arabic_name=VALUES(arabic_name), english_name=VALUES(english_name), code=VALUES(code);

INSERT INTO effect_type(id, arabic_name, english_name, code) VALUES
(1, 'القسم', 'Organization', '01')
ON DUPLICATE KEY UPDATE id=VALUES(id), arabic_name=VALUES(arabic_name), english_name=VALUES(english_name), code=VALUES(code);
INSERT INTO effect_type(id, arabic_name, english_name, code) VALUES
(2, 'القسم الأب', 'Parent organization', '02')
ON DUPLICATE KEY UPDATE id=VALUES(id), arabic_name=VALUES(arabic_name), english_name=VALUES(english_name), code=VALUES(code);
INSERT INTO effect_type(id, arabic_name, english_name, code) VALUES
(3, 'المؤسسة الجذر', 'Root organization', '03')
ON DUPLICATE KEY UPDATE id=VALUES(id), arabic_name=VALUES(arabic_name), english_name=VALUES(english_name), code=VALUES(code);
INSERT INTO effect_type(id, arabic_name, english_name, code) VALUES
(4, 'الديوان', 'divan', '04')
ON DUPLICATE KEY UPDATE id=VALUES(id), arabic_name=VALUES(arabic_name), english_name=VALUES(english_name), code=VALUES(code);

INSERT INTO hierarchy_system(id, arabic_name, english_name, code) VALUES
(1, 'هيكلية وزارة', 'Ministry hierarchy', '01')
ON DUPLICATE KEY UPDATE id=VALUES(id), arabic_name=VALUES(arabic_name), english_name=VALUES(english_name), code=VALUES(code);
INSERT INTO hierarchy_system(id, arabic_name, english_name, code) VALUES
(2, 'هيكلية مؤسسة عامة', 'Public institution hierarchy', '02')
ON DUPLICATE KEY UPDATE id=VALUES(id), arabic_name=VALUES(arabic_name), english_name=VALUES(english_name), code=VALUES(code);
INSERT INTO hierarchy_system(id, arabic_name, english_name, code) VALUES
(3, 'هيكلية شركة عامة', 'Public company hierarchy', '03')
ON DUPLICATE KEY UPDATE id=VALUES(id), arabic_name=VALUES(arabic_name), english_name=VALUES(english_name), code=VALUES(code);
INSERT INTO hierarchy_system(id, arabic_name, english_name, code) VALUES
(4, 'هيكلية فرع', 'Branch hierarchy', '04')
ON DUPLICATE KEY UPDATE id=VALUES(id), arabic_name=VALUES(arabic_name), english_name=VALUES(english_name), code=VALUES(code);

INSERT INTO hierarchy_type(id, arabic_name, english_name, code) VALUES
(1, 'مؤسسة عامة', 'Public institution', '01')
ON DUPLICATE KEY UPDATE id=VALUES(id), arabic_name=VALUES(arabic_name), english_name=VALUES(english_name), code=VALUES(code);
INSERT INTO hierarchy_type(id, arabic_name, english_name, code) VALUES
(2, 'شركة عامة', 'Public company', '02')
ON DUPLICATE KEY UPDATE id=VALUES(id), arabic_name=VALUES(arabic_name), english_name=VALUES(english_name), code=VALUES(code);
INSERT INTO hierarchy_type(id, arabic_name, english_name, code) VALUES
(3, 'إدارة عامة', 'General administration', '03')
ON DUPLICATE KEY UPDATE id=VALUES(id), arabic_name=VALUES(arabic_name), english_name=VALUES(english_name), code=VALUES(code);
INSERT INTO hierarchy_type(id, arabic_name, english_name, code) VALUES
(4, 'هيئة عامة', 'General authority', '04')
ON DUPLICATE KEY UPDATE id=VALUES(id), arabic_name=VALUES(arabic_name), english_name=VALUES(english_name), code=VALUES(code);
INSERT INTO hierarchy_type(id, arabic_name, english_name, code) VALUES
(5, 'مديرية عامة', 'General directorate', '05')
ON DUPLICATE KEY UPDATE id=VALUES(id), arabic_name=VALUES(arabic_name), english_name=VALUES(english_name), code=VALUES(code);
INSERT INTO hierarchy_type(id, arabic_name, english_name, code) VALUES
(6, 'شركة مشتركة', 'Joint company', '06')
ON DUPLICATE KEY UPDATE id=VALUES(id), arabic_name=VALUES(arabic_name), english_name=VALUES(english_name), code=VALUES(code);
INSERT INTO hierarchy_type(id, arabic_name, english_name, code) VALUES
(7, 'فرع', 'Branch', '07')
ON DUPLICATE KEY UPDATE id=VALUES(id), arabic_name=VALUES(arabic_name), english_name=VALUES(english_name), code=VALUES(code);
INSERT INTO hierarchy_type(id, arabic_name, english_name, code) VALUES
(8, 'مديرية', 'Directorate', '08')
ON DUPLICATE KEY UPDATE id=VALUES(id), arabic_name=VALUES(arabic_name), english_name=VALUES(english_name), code=VALUES(code);
INSERT INTO hierarchy_type(id, arabic_name, english_name, code) VALUES
(9, 'دائرة', 'Department', '09')
ON DUPLICATE KEY UPDATE id=VALUES(id), arabic_name=VALUES(arabic_name), english_name=VALUES(english_name), code=VALUES(code);
INSERT INTO hierarchy_type(id, arabic_name, english_name, code) VALUES
(10, 'شعبة', 'Division', '010')
ON DUPLICATE KEY UPDATE id=VALUES(id), arabic_name=VALUES(arabic_name), english_name=VALUES(english_name), code=VALUES(code);


INSERT INTO hierarchy_system_def(id, arabic_name, english_name, code, hierarchy_system, hierarchy_type) VALUES
(1, 'مؤسسة عامة', 'Public institution', '0101', 1, 1)
ON DUPLICATE KEY UPDATE id=VALUES(id), arabic_name=VALUES(arabic_name), english_name=VALUES(english_name), code=VALUES(code), hierarchy_system=VALUES(hierarchy_system), hierarchy_type=VALUES(hierarchy_type);
INSERT INTO hierarchy_system_def(id, arabic_name, english_name, code, hierarchy_system, hierarchy_type) VALUES
(2, 'شركة عامة', 'Public company', '0102', 1, 2)
ON DUPLICATE KEY UPDATE id=VALUES(id), arabic_name=VALUES(arabic_name), english_name=VALUES(english_name), code=VALUES(code), hierarchy_system=VALUES(hierarchy_system), hierarchy_type=VALUES(hierarchy_type);
INSERT INTO hierarchy_system_def(id, arabic_name, english_name, code, hierarchy_system, hierarchy_type) VALUES
(3, 'إدارة عامة', 'General administration', '0103', 1, 3)
ON DUPLICATE KEY UPDATE id=VALUES(id), arabic_name=VALUES(arabic_name), english_name=VALUES(english_name), code=VALUES(code), hierarchy_system=VALUES(hierarchy_system), hierarchy_type=VALUES(hierarchy_type);
INSERT INTO hierarchy_system_def(id, arabic_name, english_name, code, hierarchy_system, hierarchy_type) VALUES
(4, 'هيئة عامة', 'General authority', '0104', 1, 4)
ON DUPLICATE KEY UPDATE id=VALUES(id), arabic_name=VALUES(arabic_name), english_name=VALUES(english_name), code=VALUES(code), hierarchy_system=VALUES(hierarchy_system), hierarchy_type=VALUES(hierarchy_type);
INSERT INTO hierarchy_system_def(id, arabic_name, english_name, code, hierarchy_system, hierarchy_type) VALUES
(5, 'مديرية عامة', 'General directorate', '0105', 1, 5)
ON DUPLICATE KEY UPDATE id=VALUES(id), arabic_name=VALUES(arabic_name), english_name=VALUES(english_name), code=VALUES(code), hierarchy_system=VALUES(hierarchy_system), hierarchy_type=VALUES(hierarchy_type);
INSERT INTO hierarchy_system_def(id, arabic_name, english_name, code, hierarchy_system, hierarchy_type) VALUES
(6, 'إدارة عامة', 'General administration', '0203', 2, 3)
ON DUPLICATE KEY UPDATE id=VALUES(id), arabic_name=VALUES(arabic_name), english_name=VALUES(english_name), code=VALUES(code), hierarchy_system=VALUES(hierarchy_system), hierarchy_type=VALUES(hierarchy_type);
INSERT INTO hierarchy_system_def(id, arabic_name, english_name, code, hierarchy_system, hierarchy_type) VALUES
(7, ' شركة عامة', 'General company', '0202', 2, 2)
ON DUPLICATE KEY UPDATE id=VALUES(id), arabic_name=VALUES(arabic_name), english_name=VALUES(english_name), code=VALUES(code), hierarchy_system=VALUES(hierarchy_system), hierarchy_type=VALUES(hierarchy_type);
INSERT INTO hierarchy_system_def(id, arabic_name, english_name, code, hierarchy_system, hierarchy_type) VALUES
(8, 'شركة مشتركة', 'Joint company', '0206', 2, 6)
ON DUPLICATE KEY UPDATE id=VALUES(id), arabic_name=VALUES(arabic_name), english_name=VALUES(english_name), code=VALUES(code), hierarchy_system=VALUES(hierarchy_system), hierarchy_type=VALUES(hierarchy_type);
INSERT INTO hierarchy_system_def(id, arabic_name, english_name, code, hierarchy_system, hierarchy_type) VALUES
(9, 'فرع', 'Branch', '0207', 2, 7)
ON DUPLICATE KEY UPDATE id=VALUES(id), arabic_name=VALUES(arabic_name), english_name=VALUES(english_name), code=VALUES(code), hierarchy_system=VALUES(hierarchy_system), hierarchy_type=VALUES(hierarchy_type);
INSERT INTO hierarchy_system_def(id, arabic_name, english_name, code, hierarchy_system, hierarchy_type) VALUES
(10, 'مديرية', 'Directorate', '0208', 2, 8)
ON DUPLICATE KEY UPDATE id=VALUES(id), arabic_name=VALUES(arabic_name), english_name=VALUES(english_name), code=VALUES(code), hierarchy_system=VALUES(hierarchy_system), hierarchy_type=VALUES(hierarchy_type);
INSERT INTO hierarchy_system_def(id, arabic_name, english_name, code, hierarchy_system, hierarchy_type) VALUES
(11, 'دائرة', 'Department', '0209', 2, 9)
ON DUPLICATE KEY UPDATE id=VALUES(id), arabic_name=VALUES(arabic_name), english_name=VALUES(english_name), code=VALUES(code), hierarchy_system=VALUES(hierarchy_system), hierarchy_type=VALUES(hierarchy_type);
INSERT INTO hierarchy_system_def(id, arabic_name, english_name, code, hierarchy_system, hierarchy_type) VALUES
(12, 'مديرية', 'Directorate', '0308', 3, 8)
ON DUPLICATE KEY UPDATE id=VALUES(id), arabic_name=VALUES(arabic_name), english_name=VALUES(english_name), code=VALUES(code), hierarchy_system=VALUES(hierarchy_system), hierarchy_type=VALUES(hierarchy_type);
INSERT INTO hierarchy_system_def(id, arabic_name, english_name, code, hierarchy_system, hierarchy_type) VALUES
(13, 'دائرة', 'Department', '0309', 3, 9)
ON DUPLICATE KEY UPDATE id=VALUES(id), arabic_name=VALUES(arabic_name), english_name=VALUES(english_name), code=VALUES(code), hierarchy_system=VALUES(hierarchy_system), hierarchy_type=VALUES(hierarchy_type);
INSERT INTO hierarchy_system_def(id, arabic_name, english_name, code, hierarchy_system, hierarchy_type) VALUES
(14, 'شعبة', 'Division', '0310', 3, 10)
ON DUPLICATE KEY UPDATE id=VALUES(id), arabic_name=VALUES(arabic_name), english_name=VALUES(english_name), code=VALUES(code), hierarchy_system=VALUES(hierarchy_system), hierarchy_type=VALUES(hierarchy_type);
INSERT INTO hierarchy_system_def(id, arabic_name, english_name, code, hierarchy_system, hierarchy_type) VALUES
(15, 'مديرية', 'Directorate', '0408', 4, 8)
ON DUPLICATE KEY UPDATE id=VALUES(id), arabic_name=VALUES(arabic_name), english_name=VALUES(english_name), code=VALUES(code), hierarchy_system=VALUES(hierarchy_system), hierarchy_type=VALUES(hierarchy_type);
INSERT INTO hierarchy_system_def(id, arabic_name, english_name, code, hierarchy_system, hierarchy_type) VALUES
(16, 'دائرة', 'Department', '0409', 4, 9)
ON DUPLICATE KEY UPDATE id=VALUES(id), arabic_name=VALUES(arabic_name), english_name=VALUES(english_name), code=VALUES(code), hierarchy_system=VALUES(hierarchy_system), hierarchy_type=VALUES(hierarchy_type);
INSERT INTO hierarchy_system_def(id, arabic_name, english_name, code, hierarchy_system, hierarchy_type) VALUES
(17, 'شعبة', 'Division', '0410', 4, 10)
ON DUPLICATE KEY UPDATE id=VALUES(id), arabic_name=VALUES(arabic_name), english_name=VALUES(english_name), code=VALUES(code), hierarchy_system=VALUES(hierarchy_system), hierarchy_type=VALUES(hierarchy_type);


INSERT INTO job_position(id, arabic_name, english_name, code, defined_level, low_send_level, high_send_level, effect_type) VALUES
(1, 'موظف', 'Officer', '01', 100, NULL, 200, 1)
ON DUPLICATE KEY UPDATE id=VALUES(id), arabic_name=VALUES(arabic_name), english_name=VALUES(english_name), code=VALUES(code), defined_level=VALUES(defined_level), low_send_level=VALUES(low_send_level), high_send_level=VALUES(high_send_level), effect_type=VALUES(effect_type);
INSERT INTO job_position(id, arabic_name, english_name, code, defined_level, low_send_level, high_send_level, effect_type) VALUES
(2, 'رئيس شعبة', 'Senior', '02', 200, 100, 300, 2)
ON DUPLICATE KEY UPDATE id=VALUES(id), arabic_name=VALUES(arabic_name), english_name=VALUES(english_name), code=VALUES(code), defined_level=VALUES(defined_level), low_send_level=VALUES(low_send_level), high_send_level=VALUES(high_send_level), effect_type=VALUES(effect_type);
INSERT INTO job_position(id, arabic_name, english_name, code, defined_level, low_send_level, high_send_level, effect_type) VALUES
(3, 'أمين مستودع', 'Storekeeper', '03', 200, 100, 300, 2)
ON DUPLICATE KEY UPDATE id=VALUES(id), arabic_name=VALUES(arabic_name), english_name=VALUES(english_name), code=VALUES(code), defined_level=VALUES(defined_level), low_send_level=VALUES(low_send_level), high_send_level=VALUES(high_send_level), effect_type=VALUES(effect_type);
INSERT INTO job_position(id, arabic_name, english_name, code, defined_level, low_send_level, high_send_level, effect_type) VALUES
(4, 'أمين مخبر', 'Informant secretary', '04', 200, 100, 300, 2)
ON DUPLICATE KEY UPDATE id=VALUES(id), arabic_name=VALUES(arabic_name), english_name=VALUES(english_name), code=VALUES(code), defined_level=VALUES(defined_level), low_send_level=VALUES(low_send_level), high_send_level=VALUES(high_send_level), effect_type=VALUES(effect_type);
INSERT INTO job_position(id, arabic_name, english_name, code, defined_level, low_send_level, high_send_level, effect_type) VALUES
(5, 'رئيس دائرة', 'Head of department', '05', 300, 200, 400, 2)
ON DUPLICATE KEY UPDATE id=VALUES(id), arabic_name=VALUES(arabic_name), english_name=VALUES(english_name), code=VALUES(code), defined_level=VALUES(defined_level), low_send_level=VALUES(low_send_level), high_send_level=VALUES(high_send_level), effect_type=VALUES(effect_type);
INSERT INTO job_position(id, arabic_name, english_name, code, defined_level, low_send_level, high_send_level, effect_type) VALUES
(6, 'رئيس ورشة', 'Supervisor', '06', 300, 200, 400, 2)
ON DUPLICATE KEY UPDATE id=VALUES(id), arabic_name=VALUES(arabic_name), english_name=VALUES(english_name), code=VALUES(code), defined_level=VALUES(defined_level), low_send_level=VALUES(low_send_level), high_send_level=VALUES(high_send_level), effect_type=VALUES(effect_type);
INSERT INTO job_position(id, arabic_name, english_name, code, defined_level, low_send_level, high_send_level, effect_type) VALUES
(7, 'رئيس مختبر', 'Head of laboratory ', '07', 300, 200, 400, 2)
ON DUPLICATE KEY UPDATE id=VALUES(id), arabic_name=VALUES(arabic_name), english_name=VALUES(english_name), code=VALUES(code), defined_level=VALUES(defined_level), low_send_level=VALUES(low_send_level), high_send_level=VALUES(high_send_level), effect_type=VALUES(effect_type);
INSERT INTO job_position(id, arabic_name, english_name, code, defined_level, low_send_level, high_send_level, effect_type) VALUES
(8, 'مدير مديرية', 'Manager', '08', 400, 300, 500, 2)
ON DUPLICATE KEY UPDATE id=VALUES(id), arabic_name=VALUES(arabic_name), english_name=VALUES(english_name), code=VALUES(code), defined_level=VALUES(defined_level), low_send_level=VALUES(low_send_level), high_send_level=VALUES(high_send_level), effect_type=VALUES(effect_type);
INSERT INTO job_position(id, arabic_name, english_name, code, defined_level, low_send_level, high_send_level, effect_type) VALUES
(9, 'رئيس مكتب', 'Head of office', '09', 400, 300, 500, 2)
ON DUPLICATE KEY UPDATE id=VALUES(id), arabic_name=VALUES(arabic_name), english_name=VALUES(english_name), code=VALUES(code), defined_level=VALUES(defined_level), low_send_level=VALUES(low_send_level), high_send_level=VALUES(high_send_level), effect_type=VALUES(effect_type);
INSERT INTO job_position(id, arabic_name, english_name, code, defined_level, low_send_level, high_send_level, effect_type) VALUES
(10, 'مدير شركة', 'CEO', '10', 500, 400, 900, 2)
ON DUPLICATE KEY UPDATE id=VALUES(id), arabic_name=VALUES(arabic_name), english_name=VALUES(english_name), code=VALUES(code), defined_level=VALUES(defined_level), low_send_level=VALUES(low_send_level), high_send_level=VALUES(high_send_level), effect_type=VALUES(effect_type);
INSERT INTO job_position(id, arabic_name, english_name, code, defined_level, low_send_level, high_send_level, effect_type) VALUES
(11, 'مدير فرع', 'CEO', '11', 500, 400, 900, 2)
ON DUPLICATE KEY UPDATE id=VALUES(id), arabic_name=VALUES(arabic_name), english_name=VALUES(english_name), code=VALUES(code), defined_level=VALUES(defined_level), low_send_level=VALUES(low_send_level), high_send_level=VALUES(high_send_level), effect_type=VALUES(effect_type);
INSERT INTO job_position(id, arabic_name, english_name, code, defined_level, low_send_level, high_send_level, effect_type) VALUES
(12, 'معاون مدير عام للشؤون الادارية والمالية', 'Assistant general manager for administrative and financial affairs', '12', 600, 500, 900, 2)
ON DUPLICATE KEY UPDATE id=VALUES(id), arabic_name=VALUES(arabic_name), english_name=VALUES(english_name), code=VALUES(code), defined_level=VALUES(defined_level), low_send_level=VALUES(low_send_level), high_send_level=VALUES(high_send_level), effect_type=VALUES(effect_type);
INSERT INTO job_position(id, arabic_name, english_name, code, defined_level, low_send_level, high_send_level, effect_type) VALUES
(13, 'معاون المدير العام للشؤون الفنية', 'Assistant general manager for technical affairs', '13', 600, 500, 900, 2)
ON DUPLICATE KEY UPDATE id=VALUES(id), arabic_name=VALUES(arabic_name), english_name=VALUES(english_name), code=VALUES(code), defined_level=VALUES(defined_level), low_send_level=VALUES(low_send_level), high_send_level=VALUES(high_send_level), effect_type=VALUES(effect_type);
INSERT INTO job_position(id, arabic_name, english_name, code, defined_level, low_send_level, high_send_level, effect_type) VALUES
(14, 'نائب المدير العام', 'Deputy general manager', '14', 700, 500, 900, 2)
ON DUPLICATE KEY UPDATE id=VALUES(id), arabic_name=VALUES(arabic_name), english_name=VALUES(english_name), code=VALUES(code), defined_level=VALUES(defined_level), low_send_level=VALUES(low_send_level), high_send_level=VALUES(high_send_level), effect_type=VALUES(effect_type);
INSERT INTO job_position(id, arabic_name, english_name, code, defined_level, low_send_level, high_send_level, effect_type) VALUES
(15, 'المدير العام', 'General manager', '15', 900, 500, 1000, 2)
ON DUPLICATE KEY UPDATE id=VALUES(id), arabic_name=VALUES(arabic_name), english_name=VALUES(english_name), code=VALUES(code), defined_level=VALUES(defined_level), low_send_level=VALUES(low_send_level), high_send_level=VALUES(high_send_level), effect_type=VALUES(effect_type);
INSERT INTO job_position(id, arabic_name, english_name, code, defined_level, low_send_level, high_send_level, effect_type) VALUES
(16, 'أمين سر مجلس الادارة', 'Secretary of the board of directors', '16', 1000, 900, NULL, 2)
ON DUPLICATE KEY UPDATE id=VALUES(id), arabic_name=VALUES(arabic_name), english_name=VALUES(english_name), code=VALUES(code), defined_level=VALUES(defined_level), low_send_level=VALUES(low_send_level), high_send_level=VALUES(high_send_level), effect_type=VALUES(effect_type);
INSERT INTO job_position(id, arabic_name, english_name, code, defined_level, low_send_level, high_send_level, effect_type) VALUES
(17, 'عضو مجلس إدارة', 'Member of the board of directors', '17', 1000, 900, NULL, 2)
ON DUPLICATE KEY UPDATE id=VALUES(id), arabic_name=VALUES(arabic_name), english_name=VALUES(english_name), code=VALUES(code), defined_level=VALUES(defined_level), low_send_level=VALUES(low_send_level), high_send_level=VALUES(high_send_level), effect_type=VALUES(effect_type);

INSERT INTO priority_type(id, arabic_name, english_name, code) VALUES
(1, 'عادي', 'Normal', '01')
ON DUPLICATE KEY UPDATE id=VALUES(id), arabic_name=VALUES(arabic_name), english_name=VALUES(english_name), code=VALUES(code);
INSERT INTO priority_type(id, arabic_name, english_name, code) VALUES
(2, 'عاجل', 'Urgent', '02')
ON DUPLICATE KEY UPDATE id=VALUES(id), arabic_name=VALUES(arabic_name), english_name=VALUES(english_name), code=VALUES(code);
INSERT INTO priority_type(id, arabic_name, english_name, code) VALUES
(3, 'فوري', 'Immediately', '03')
ON DUPLICATE KEY UPDATE id=VALUES(id), arabic_name=VALUES(arabic_name), english_name=VALUES(english_name), code=VALUES(code);


INSERT INTO purpose_type(id, arabic_name, english_name, code) VALUES
(3, 'مهمة', 'Task', '03')
ON DUPLICATE KEY UPDATE id=VALUES(id), arabic_name=VALUES(arabic_name), english_name=VALUES(english_name), code=VALUES(code);

INSERT INTO sys_permission(id, name, code, description) VALUES
(1, 'Archive', '001', 'View archive menue')
ON DUPLICATE KEY UPDATE id=VALUES(id), name=VALUES(name), code=VALUES(code), description=VALUES(description);
INSERT INTO sys_permission(id, name, code, description) VALUES
(2, 'My cabinets', '002', 'My cabinets')
ON DUPLICATE KEY UPDATE id=VALUES(id), name=VALUES(name), code=VALUES(code), description=VALUES(description);
INSERT INTO sys_permission(id, name, code, description) VALUES
(3, 'Define cabinets', '003', 'Define cabinets')
ON DUPLICATE KEY UPDATE id=VALUES(id), name=VALUES(name), code=VALUES(code), description=VALUES(description);
INSERT INTO sys_permission(id, name, code, description) VALUES
(4, 'Divan', '004', 'View divan menue')
ON DUPLICATE KEY UPDATE id=VALUES(id), name=VALUES(name), code=VALUES(code), description=VALUES(description);
INSERT INTO sys_permission(id, name, code, description) VALUES
(5, 'Inbound mail', '005', 'Inbound mail')
ON DUPLICATE KEY UPDATE id=VALUES(id), name=VALUES(name), code=VALUES(code), description=VALUES(description);
INSERT INTO sys_permission(id, name, code, description) VALUES
(6, 'Outbound mail', '006', 'Outbound mail')
ON DUPLICATE KEY UPDATE id=VALUES(id), name=VALUES(name), code=VALUES(code), description=VALUES(description);
INSERT INTO sys_permission(id, name, code, description) VALUES
(7, 'Inbox', '007', 'Inbox')
ON DUPLICATE KEY UPDATE id=VALUES(id), name=VALUES(name), code=VALUES(code), description=VALUES(description);
INSERT INTO sys_permission(id, name, code, description) VALUES
(8, 'Outbox', '008', 'Outbox')
ON DUPLICATE KEY UPDATE id=VALUES(id), name=VALUES(name), code=VALUES(code), description=VALUES(description);
INSERT INTO sys_permission(id, name, code, description) VALUES
(9, 'Certificate and create inspection form', '009', 'Certificate and create inspection form')
ON DUPLICATE KEY UPDATE id=VALUES(id), name=VALUES(name), code=VALUES(code), description=VALUES(description);
INSERT INTO sys_permission(id, name, code, description) VALUES
(10, 'Inspection form', '010', 'Inspection form')
ON DUPLICATE KEY UPDATE id=VALUES(id), name=VALUES(name), code=VALUES(code), description=VALUES(description);
INSERT INTO sys_permission(id, name, code, description) VALUES
(11, 'Review form', '011', 'Review form')
ON DUPLICATE KEY UPDATE id=VALUES(id), name=VALUES(name), code=VALUES(code), description=VALUES(description);
INSERT INTO sys_permission(id, name, code, description) VALUES
(12, 'Sticker managemnt', '012', 'Sticker managemnt')
ON DUPLICATE KEY UPDATE id=VALUES(id), name=VALUES(name), code=VALUES(code), description=VALUES(description);
INSERT INTO sys_permission(id, name, code, description) VALUES
(13, 'My tasks', '013', 'My tasks')
ON DUPLICATE KEY UPDATE id=VALUES(id), name=VALUES(name), code=VALUES(code), description=VALUES(description);

INSERT INTO transmission_type(id, arabic_name, english_name, code) VALUES
(1, 'بريد جديد', 'New mail', '01')
ON DUPLICATE KEY UPDATE id=VALUES(id), arabic_name=VALUES(arabic_name), english_name=VALUES(english_name), code=VALUES(code);
INSERT INTO transmission_type(id, arabic_name, english_name, code) VALUES
(2, 'بريد معاد توجيهه', 'Forwarded mail', '02')
ON DUPLICATE KEY UPDATE id=VALUES(id), arabic_name=VALUES(arabic_name), english_name=VALUES(english_name), code=VALUES(code);


commit;